EXT_ID,WalmartReceipt,PredictionScore
58ba0c24e4b0d23e377359ec,TRUE,0.999335
58bb9079e4b0d23e37736a54,TRUE,0.998796
58b65ec5e4b0d23e37734dd3,TRUE,0.995412
58b81c1be4b0d23e3773518c,TRUE,0.99984
58bd9480e4b0d23e37738810,TRUE,0.998353
58bc16c8e4b0d23e37736c78,TRUE,0.974201
58b3545ce4b0eec3bce005b5,TRUE,0.891754
58bc1283e4b0d23e37736c2f,TRUE,0.999022
58bd9846e4b0d23e3773884f,TRUE,0.994788
586d443ae4b00ce8c12e99e8,TRUE,0.539217
58b75515e4b0d23e3773500a,TRUE,0.9997
58bac419e4b0d23e37735c30,TRUE,0.886598
58bc519ae4b0d23e377373e2,TRUE,0.96767
58bd9305e4b0d23e377387ee,TRUE,0.874558
5878179fe4b0d1a74fe8d43c,FALSE,0.856831
58b63709e4b0d23e37734d92,TRUE,0.997312
58be408fe4b0d23e377393a1,TRUE,0.963372
58baf4f9e4b0d23e37735fca,TRUE,0.94902
58963d36e4b05f998de959f9,FALSE,0.851953
58b9f59de4b0d23e37735919,TRUE,0.930273
588e5642e4b090cf9c5a46f3,TRUE,0.975658
58badd1ee4b0d23e37735d72,TRUE,0.999068
5885558ae4b04c4484df0864,TRUE,0.992066
58a9faece4b0fe09880454c9,TRUE,0.794722
58b4737ee4b0eec3bce00854,TRUE,0.839938
58b33faee4b0eec3bce0056b,TRUE,0.982101
58b350c1e4b0eec3bce005a7,TRUE,0.999306
58ba1358e4b0d23e37735a4c,TRUE,0.996884
58a0b01ee4b0314ab22f9816,TRUE,0.996971
58bc2421e4b0d23e37736e1c,TRUE,0.998966
58bc0ec9e4b0d23e37736be0,TRUE,0.998301
58bc20c5e4b0d23e37736dbd,TRUE,0.993667
58bb63efe4b0d23e37736817,TRUE,0.808556
58bcc716e4b0d23e37738158,TRUE,0.997464
58af219ee4b068eafab0c7cb,TRUE,0.78521
58a10c34e4b0314ab22f997f,TRUE,0.836779
586d2309e4b00ce8c12e99d8,TRUE,0.987785
589bd952e4b05f998de96133,TRUE,0.574213
58bc2adce4b0d23e37736f06,FALSE,0.901784
58b7266ce4b0d23e37734f56,TRUE,0.960102
58879c82e4b05f73db07797e,TRUE,0.999273
58af7571e4b068eafab0c84c,TRUE,0.788314
58a23d6ce4b0314ab22f9ad1,TRUE,0.998766
58b1f1dfe4b0eec3bce002ca,TRUE,0.991591
58bc4ef7e4b0d23e3773738f,TRUE,0.996433
58b8a7b4e4b0d23e37735359,TRUE,0.978398
58bc45afe4b0d23e37737269,TRUE,0.992653
58bc3840e4b0d23e377370df,TRUE,0.999681
58bca3c0e4b0d23e37737e08,TRUE,0.998565
58b4ae49e4b0d23e37734a3d,TRUE,0.983818
58cecf3fe4b06d16e3cd7f7f,TRUE,0.970282
587c3906e4b0d1a74fe8d67a,TRUE,0.999628
58bc4824e4b0d23e377372bc,TRUE,0.968796
58bb0aafe4b0d23e37736198,TRUE,0.998749
58bca3b9e4b0d23e37737e07,TRUE,0.988686
58b9af88e4b0d23e377355a6,TRUE,0.999883
58979b2be4b05f998de95c13,TRUE,0.88711
58bb303be4b0d23e377364aa,FALSE,0.931323
58b2ebdee4b0eec3bce00448,TRUE,0.984412
58af84e5e4b068eafab0c886,FALSE,0.52687
58bb713ae4b0d23e377368f4,TRUE,0.968277
58cef5f5e4b06d16e3cd81b7,FALSE,0.828477
58cfd63ae4b06d16e3cd86e4,TRUE,0.963632
58bb168de4b0d23e377362a1,TRUE,0.970809
589cff32e4b0314ab22f92ef,TRUE,0.999978
587a57abe4b0d1a74fe8d574,TRUE,0.99018
58bb54ede4b0d23e37736707,TRUE,0.648624
58bb0d95e4b0d23e377361d6,TRUE,0.990829
58bd9e37e4b0d23e377388bc,TRUE,0.998598
58ab9884e4b08c6e1ec0a9f5,TRUE,0.991669
58be34c2e4b0d23e37739355,FALSE,0.953295
58af9b2de4b068eafab0c8b5,TRUE,0.996686
58bce6b1e4b0d23e37738342,FALSE,0.623082
589393fde4b018a8bfc288c4,TRUE,0.999434
58abc939e4b08c6e1ec0aa38,TRUE,0.959212
58b9afd5e4b0d23e377355ae,TRUE,0.994696
58bb459ce4b0d23e3773663d,TRUE,0.999843
58b6e2b4e4b0d23e37734ea5,TRUE,0.987915
58bc920ce4b0d23e37737bf9,TRUE,0.997294
5883a9a8e4b04c4484df0719,TRUE,0.998002
58baf64ee4b0d23e37735fe4,FALSE,0.797039
5897f81de4b05f998de95cc2,TRUE,0.682171
58b72cb5e4b0d23e37734f66,FALSE,0.660885
58701a75e4b0e80f9e3c24ac,FALSE,0.935138
58bada44e4b0d23e37735d16,TRUE,0.978214
587fdd1be4b03e3ebfd77f0a,FALSE,0.949027
58bae921e4b0d23e37735e91,TRUE,0.946291
588d57b2e4b090cf9c5a4671,TRUE,0.999977
58b4a7e6e4b0d23e37734a2c,TRUE,0.534665
58bc91a2e4b0d23e37737be7,TRUE,0.993322
58b1f23be4b0eec3bce002ce,FALSE,0.949066
58bb2c0ce4b0d23e37736447,TRUE,0.676164
58ba0099e4b0d23e37735988,TRUE,0.999569
58a2761de4b0314ab22f9b3a,TRUE,0.997447
58bb188ce4b0d23e377362cb,FALSE,0.817062
58b38ad0e4b0eec3bce00658,TRUE,0.999811
589bcb39e4b05f998de9612b,FALSE,0.956322
58bbb14be4b0d23e37736ae7,TRUE,0.999936
5893a7ebe4b018a8bfc288dd,FALSE,0.992744
5887ec83e4b05f73db0779b6,TRUE,0.77863
58bc91dae4b0d23e37737bef,FALSE,0.810448
58ba469ae4b0d23e37735b6c,TRUE,0.909823
58a8b15ee4b0fe09880452e9,TRUE,0.98754
58b83d8be4b0d23e377351ee,FALSE,0.750052
58b75326e4b0d23e37734ffc,TRUE,0.870693
587d8eeae4b068f9da392965,FALSE,0.988084
58bc627ee4b0d23e3773760b,TRUE,0.984693
58a02952e4b0314ab22f978a,TRUE,0.997961
58bc3835e4b0d23e377370db,TRUE,0.994556
58bc1dd0e4b0d23e37736d6d,TRUE,0.983473
58b8143fe4b0d23e37735177,TRUE,0.999821
58baf98be4b0d23e3773602b,TRUE,0.996801
58bc5e20e4b0d23e37737585,TRUE,0.998474
58a9dc66e4b0fe098804547a,TRUE,0.999217
58b8b6bfe4b0d23e37735383,FALSE,0.988127
5896111ae4b05f998de9596e,FALSE,0.813572
58b4f366e4b0d23e37734b38,TRUE,0.999413
58ba1beee4b0d23e37735aa8,TRUE,0.980707
58bb3a50e4b0d23e3773657f,TRUE,0.996962
58ba2b60e4b0d23e37735b08,TRUE,0.758964
5896ab49e4b05f998de95afd,TRUE,0.99121
587eb977e4b03e3ebfd77e61,TRUE,0.999065
58a3a207e4b0314ab22f9c43,TRUE,0.996806
589b87dae4b05f998de960a7,FALSE,0.985585
589fadfde4b0314ab22f96b7,FALSE,0.950578
58b9ed5ae4b0d23e377358da,TRUE,0.998914
58a8b522e4b0fe09880452f1,FALSE,0.782813
58c36fd2e4b06d16e3cd2cdc,FALSE,0.925939
58baed84e4b0d23e37735ee4,TRUE,0.993856
58bd656ae4b0d23e37738540,TRUE,0.994451
589c8b99e4b0314ab22f9246,TRUE,0.983351
588fb5b1e4b090cf9c5a4806,TRUE,0.995358
5876f559e4b0087d2c8a078b,TRUE,0.987802
5895128ae4b05f998de9587b,TRUE,0.797716
58bc72e2e4b0d23e37737810,TRUE,0.999417
58bca25ae4b0d23e37737dd1,TRUE,0.990606
58ba6d83e4b0d23e37735bd9,TRUE,0.988915
58bb4e24e4b0d23e377366aa,FALSE,0.729453
58bb7389e4b0d23e37736916,TRUE,0.895309
58bc6bece4b0d23e37737728,TRUE,0.901631
58ab6ae8e4b08c6e1ec0a97f,FALSE,0.928362
58bb9e22e4b0d23e37736aac,TRUE,0.97442
58a0eed1e4b0314ab22f9931,TRUE,0.988971
58ba3cbfe4b0d23e37735b4f,FALSE,0.960257
58825f6ce4b04c4484df066c,TRUE,0.998849
5887f5dfe4b05f73db0779c4,TRUE,0.999761
58b615c3e4b0d23e37734d02,FALSE,0.616153
58a03f94e4b0314ab22f9795,TRUE,0.925786
58bc7568e4b0d23e3773784e,TRUE,0.999433
58bd7e6be4b0d23e37738697,TRUE,0.914487
58b5ee78e4b0d23e37734c87,FALSE,0.880675
58bc3c73e4b0d23e37737160,FALSE,0.914062
58790205e4b0d1a74fe8d4aa,TRUE,0.998413
58802ef6e4b03e3ebfd77f31,TRUE,0.992408
58b9b87ce4b0d23e37735647,FALSE,0.98273
587d67f2e4b068f9da39293c,TRUE,0.999738
58aa6d80e4b0fe098804559a,TRUE,0.951609
58bc7333e4b0d23e3773781b,TRUE,0.996811
5872a451e4b0e80f9e3c255b,TRUE,0.998697
586f1ff9e4b0e80f9e3c2410,FALSE,0.92612
589663b9e4b05f998de95a6e,TRUE,0.994568
58b3334ee4b0eec3bce0050f,TRUE,0.569077
58bd4c1ee4b0d23e37738459,FALSE,0.925551
586ecbb2e4b0e80f9e3c23d6,TRUE,0.816744
58a8f383e4b0fe098804539a,TRUE,0.99559
58b59cb3e4b0d23e37734be8,TRUE,0.97943
58badd18e4b0d23e37735d6f,FALSE,0.983778
58bce696e4b0d23e37738340,TRUE,0.99552
58bc11c0e4b0d23e37736c14,TRUE,0.992488
58968005e4b05f998de95ab1,FALSE,0.825581
58afb231e4b068eafab0c8d4,TRUE,0.993334
589a76bae4b05f998de95f85,TRUE,0.930794
58b1f1aae4b0eec3bce002c8,FALSE,0.912665
58a0ad0be4b0314ab22f9813,TRUE,0.661535
58bd51f1e4b0d23e37738473,TRUE,0.999376
58bb56bee4b0d23e37736721,TRUE,0.999511
58840233e4b04c4484df0796,TRUE,0.997932
588cc12be4b090cf9c5a45e1,TRUE,0.952402
588bf009e4b090cf9c5a459e,TRUE,0.99271
58bcac97e4b0d23e37737ee9,TRUE,0.998582
58badf75e4b0d23e37735da5,TRUE,0.996052
58a83eb5e4b0fe09880451f7,TRUE,0.999821
58bc7d7be4b0d23e37737970,TRUE,0.999991
58a88a15e4b0fe0988045296,TRUE,0.998429
58a4f299e4b0314ab22f9dc0,FALSE,0.982162
589d043ae4b0314ab22f92f8,TRUE,0.994943
58c08134e4b0d23e3773a4c0,TRUE,0.939002
588f77a7e4b090cf9c5a47cc,TRUE,0.970827
58bc3815e4b0d23e377370d4,FALSE,0.858885
5889339fe4b05f73db077a61,FALSE,0.62737
58ba0791e4b0d23e377359c7,TRUE,0.987031
5872accfe4b0e80f9e3c256b,TRUE,0.511035
58b20d0be4b0eec3bce00341,TRUE,0.656846
58bc289de4b0d23e37736ec0,FALSE,0.687878
58bae208e4b0d23e37735de4,TRUE,0.982356
58bd723de4b0d23e377385fb,TRUE,0.989306
58bdf785e4b0d23e37738f90,TRUE,0.984173
589b5c0be4b05f998de96081,FALSE,0.826074
58b03dcfe4b05f7a051930a0,TRUE,0.97487
58b9df36e4b0d23e3773585d,TRUE,0.997685
58bb6ac9e4b0d23e37736883,TRUE,0.995014
58b07ef6e4b05f7a051930e8,FALSE,0.504517
5892b225e4b018a8bfc28869,TRUE,0.979427
58a746a5e4b0fe0988045106,FALSE,0.963248
589924eae4b05f998de95de6,TRUE,0.989737
58b98a0ce4b0d23e377354d1,TRUE,0.700814
58bde0c7e4b0d23e37738d99,TRUE,0.980398
58bc44c3e4b0d23e3773724c,TRUE,0.998362
58a700a6e4b0fe098804509c,TRUE,0.942576
58bc347ae4b0d23e3773705f,FALSE,0.862289
58bcc31be4b0d23e37738103,TRUE,0.991116
58bcead1e4b0d23e37738360,TRUE,0.984317
58bb5f1ce4b0d23e377367ba,TRUE,0.977918
58ba03eae4b0d23e377359b8,TRUE,0.999323
58bc279de4b0d23e37736e8e,TRUE,0.999923
58bc4b2fe4b0d23e37737320,FALSE,0.768964
58bc3df1e4b0d23e37737191,FALSE,0.601706
587194fee4b0e80f9e3c2517,TRUE,0.543191
58af7621e4b068eafab0c852,TRUE,0.595812
58bc33d1e4b0d23e37737046,TRUE,0.981572
58bd572be4b0d23e3773848f,TRUE,0.983326
58bc0dbae4b0d23e37736bc8,TRUE,0.994792
58b4c6b1e4b0d23e37734a9a,TRUE,0.998768
58bcb441e4b0d23e37737fbd,FALSE,0.891035
58bc65b6e4b0d23e37737662,TRUE,0.993165
58a06cabe4b0314ab22f97a3,TRUE,0.99902
58bd00efe4b0d23e377383ea,TRUE,0.970569
58bb5a54e4b0d23e37736754,TRUE,0.984299
5896618de4b05f998de95a6a,TRUE,0.999798
58bb476de4b0d23e3773665c,TRUE,0.694807
588a24cbe4b090cf9c5a443c,FALSE,0.936076
58b8febfe4b0d23e3773545d,FALSE,0.886387
58bb7ae9e4b0d23e37736994,TRUE,0.6033
58b76012e4b0d23e37735031,TRUE,0.985999
58bb91e1e4b0d23e37736a60,TRUE,0.998208
58bb134be4b0d23e3773624f,TRUE,0.998922
58b96cc1e4b0d23e37735488,FALSE,0.90322
58ad2cebe4b08c6e1ec0ac5d,TRUE,0.993634
58a0b585e4b0314ab22f982a,TRUE,0.998289
5885376be4b04c4484df083f,TRUE,0.995433
58acdbf8e4b08c6e1ec0abd4,FALSE,0.94691
58b214bee4b0eec3bce0034d,TRUE,0.996461
58bc7755e4b0d23e377378a3,TRUE,0.736134
589562ebe4b05f998de95901,TRUE,0.996125
58a0f97de4b0314ab22f994c,TRUE,0.99917
58bca5cfe4b0d23e37737e34,TRUE,0.850209
58b6e533e4b0d23e37734ead,TRUE,0.998324
58ad5cd2e4b08c6e1ec0ac98,TRUE,0.99969
58bae350e4b0d23e37735e0b,FALSE,0.96302
5879028ee4b0d1a74fe8d4b0,TRUE,0.876375
58be0c93e4b0d23e37739148,TRUE,0.999915
589fb03ce4b0314ab22f96b9,FALSE,0.878204
58b2f868e4b0eec3bce00465,FALSE,0.965572
58bc85d9e4b0d23e37737a84,TRUE,0.981662
587c0deee4b0d1a74fe8d656,TRUE,0.814147
58839941e4b04c4484df070d,TRUE,0.99854
588145a3e4b04c4484df05f1,TRUE,0.998435
58bdcdfae4b0d23e37738c28,FALSE,0.528015
58a0c72ae4b0314ab22f9849,FALSE,0.972673
58babc60e4b0d23e37735c0b,TRUE,0.536579
58bae2d3e4b0d23e37735dfe,TRUE,0.917659
58aa2fd7e4b0fe0988045531,FALSE,0.718638
5893d156e4b05f998de95736,TRUE,0.99069
58bcc4f5e4b0d23e37738125,TRUE,0.999556
58960f78e4b05f998de95962,TRUE,0.993668
588eb7c9e4b090cf9c5a4770,TRUE,0.992024
58bc9777e4b0d23e37737ca6,TRUE,0.995581
58953aa9e4b05f998de958c5,TRUE,0.968371
58b3f93ae4b0eec3bce006c5,TRUE,0.998009
58bc3aeee4b0d23e37737141,FALSE,0.852763
58a84ac1e4b0fe0988045214,TRUE,0.999474
58b9f26ae4b0d23e3773590c,TRUE,0.994584
58bc6a50e4b0d23e377376f3,TRUE,0.999861
58bafedfe4b0d23e377360b5,FALSE,0.984851
58bcae50e4b0d23e37737f15,TRUE,0.999289
588e38fde4b090cf9c5a46cc,FALSE,0.814422
5893aa08e4b018a8bfc288e9,TRUE,0.998276
58b99c34e4b0d23e3773550f,FALSE,0.703389
58a71311e4b0fe09880450c3,TRUE,0.999794
588a51e5e4b090cf9c5a446d,TRUE,0.984956
589ab965e4b05f998de95fec,TRUE,0.768912
58b01f48e4b068eafab0c903,TRUE,0.997835
58b9ff24e4b0d23e37735977,TRUE,0.933275
5899fbfbe4b05f998de95ebf,TRUE,0.996351
58bc0852e4b0d23e37736b7d,TRUE,0.998335
58d5d179e4b06d16e3cdb114,TRUE,0.601556
58ce88dee4b06d16e3cd7c58,TRUE,0.991919
58b85fe0e4b0d23e37735230,TRUE,0.997841
58b8bd59e4b0d23e377353a1,FALSE,0.919918
588fa6a8e4b090cf9c5a47f6,FALSE,0.945773
58b3101ce4b0eec3bce004a4,TRUE,0.920614
58a21731e4b0314ab22f9a78,FALSE,0.909526
58bdd875e4b0d23e37738d0c,TRUE,0.918143
58b991aee4b0d23e377354ea,FALSE,0.900422
58b9c449e4b0d23e37735719,TRUE,0.988696
58bb429de4b0d23e3773660f,FALSE,0.953079
58ace5f8e4b08c6e1ec0abea,FALSE,0.95952
58b1be06e4b0eec3bce0021b,TRUE,0.929404
587d817be4b068f9da392961,TRUE,0.990337
58ab8fcae4b08c6e1ec0a9e5,TRUE,0.993852
58bdf800e4b0d23e37738f98,FALSE,0.971589
58bc1c4fe4b0d23e37736d32,TRUE,0.984486
58a8ae16e4b0fe09880452de,FALSE,0.658221
58be2657e4b0d23e377392a9,FALSE,0.722167
58bcc9b2e4b0d23e37738194,TRUE,0.990694
58a0a29be4b0314ab22f97f1,FALSE,0.970829
58bd918de4b0d23e377387d0,TRUE,0.915786
58b6ff80e4b0d23e37734f08,TRUE,0.994594
58bb4faee4b0d23e377366bd,TRUE,0.985847
589bbe7ee4b05f998de96107,TRUE,0.995781
589934a1e4b05f998de95e21,TRUE,0.997146
588abcfae4b090cf9c5a44b6,TRUE,0.999792
58912564e4b090cf9c5a492a,TRUE,0.965916
58b9b010e4b0d23e377355b2,TRUE,0.998942
58c098e1e4b0d23e3773a617,FALSE,0.555488
5878efe6e4b0d1a74fe8d494,FALSE,0.982522
58bc5d72e4b0d23e3773756b,TRUE,0.998185
58990eefe4b05f998de95db2,FALSE,0.727619
58c0ad8ce4b0d23e3773a719,FALSE,0.848953
58ba2d43e4b0d23e37735b12,TRUE,0.978153
589f9d4ae4b0314ab22f968f,TRUE,0.998433
58bc9e3fe4b0d23e37737d61,TRUE,0.991581
58aa12e8e4b0fe09880454f9,TRUE,0.997708
58bb7de3e4b0d23e377369b4,TRUE,0.996628
5893a185e4b018a8bfc288d3,TRUE,0.981206
58a86096e4b0fe0988045244,TRUE,0.998897
58963462e4b05f998de959d5,FALSE,0.826317
58867a56e4b05f73db0778bb,FALSE,0.830525
58b9b3bfe4b0d23e37735604,FALSE,0.677096
58bc4736e4b0d23e377372a1,FALSE,0.878905
58a02ca0e4b0314ab22f9791,TRUE,0.987943
58b37679e4b0eec3bce0062d,TRUE,0.964297
58af63bbe4b068eafab0c82e,FALSE,0.918792
588a5f06e4b090cf9c5a447c,TRUE,0.789981
58bc56f9e4b0d23e3773749c,TRUE,0.879476
58b0ad20e4b05f7a0519315d,FALSE,0.777442
58a5ebefe4b0314ab22f9e74,FALSE,0.54165
58992f5ee4b05f998de95e15,TRUE,0.996727
58bb1659e4b0d23e3773629e,TRUE,0.997716
58bdacb3e4b0d23e3773899f,TRUE,0.972595
58be200ce4b0d23e3773925e,TRUE,0.997969
58b63c80e4b0d23e37734da7,TRUE,0.98299
5876f60fe4b0087d2c8a0792,TRUE,0.930202
58bd8b25e4b0d23e37738753,TRUE,0.934245
58bcbce3e4b0d23e37738098,TRUE,0.998177
58b1db58e4b0eec3bce00287,TRUE,0.998104
58a5183be4b0314ab22f9deb,TRUE,0.998728
58ba055ce4b0d23e377359c1,TRUE,0.999532
58a38b8be4b0314ab22f9c28,TRUE,0.999137
58bc8276e4b0d23e37737a1c,TRUE,0.998165
58ae26dfe4b068eafab0c706,TRUE,0.999955
58bb61d9e4b0d23e377367f3,TRUE,0.998013
58977c2be4b05f998de95bd8,TRUE,0.989962
58bcdc5ae4b0d23e377382d5,TRUE,0.997906
58bc0c2ce4b0d23e37736ba8,TRUE,0.992599
58bc93a5e4b0d23e37737c1e,TRUE,0.766418
58bd7e94e4b0d23e3773869b,TRUE,0.996092
58bc20a0e4b0d23e37736db5,TRUE,0.99849
586acfeee4b09266b0cab3a1,TRUE,0.99632
58b24f67e4b0eec3bce003d2,TRUE,0.999311
58bc6297e4b0d23e3773760e,TRUE,0.937664
58bc3ba1e4b0d23e37737151,FALSE,0.929223
58bcb013e4b0d23e37737f4b,TRUE,0.994173
58b9c7f4e4b0d23e37735745,FALSE,0.852271
58cf4977e4b06d16e3cd853b,FALSE,0.942825
58b9cd9de4b0d23e37735795,TRUE,0.97897
58bc6e85e4b0d23e3773778e,TRUE,0.996539
58ac6543e4b08c6e1ec0aabd,TRUE,0.999819
58bc237be4b0d23e37736e0b,TRUE,0.99964
58bca562e4b0d23e37737e2b,TRUE,0.917881
58bda523e4b0d23e37738934,TRUE,0.999854
58be08b4e4b0d23e377390fe,TRUE,0.992207
58bea39ee4b0d23e37739422,TRUE,0.999319
58b2e47de4b0eec3bce0043a,FALSE,0.782625
58bc2d1ae4b0d23e37736f43,TRUE,0.998853
58953efbe4b05f998de958d0,TRUE,0.99426
58bb4135e4b0d23e377365fd,TRUE,0.985587
58b4e249e4b0d23e37734b05,TRUE,0.954429
58854746e4b04c4484df0857,TRUE,0.993668
589b5084e4b05f998de96070,TRUE,0.998847
58b9d883e4b0d23e37735828,TRUE,0.993701
58ae1e98e4b068eafab0c6fb,TRUE,0.99991
58bc4f6de4b0d23e377373a0,TRUE,0.999216
58b7f637e4b0d23e37735140,TRUE,0.995627
58bc8148e4b0d23e377379f6,TRUE,0.918262
58bc729de4b0d23e37737806,TRUE,0.997782
58aca6a1e4b08c6e1ec0ab42,TRUE,0.988661
58a023a3e4b0314ab22f977b,TRUE,0.995472
58b9b814e4b0d23e3773563e,FALSE,0.578818
58a519fae4b0314ab22f9df4,TRUE,0.998879
58bdb0ffe4b0d23e377389e4,TRUE,0.960938
58a03833e4b0314ab22f9794,TRUE,0.971016
588264ece4b04c4484df0676,TRUE,0.991736
588fd2f0e4b090cf9c5a483f,TRUE,0.995789
58bbcb04e4b0d23e37736b0d,TRUE,0.973992
58bb1946e4b0d23e377362dd,TRUE,0.999612
58ae930ae4b068eafab0c764,TRUE,0.997598
58bc93aee4b0d23e37737c20,TRUE,0.661781
587bba8de4b0d1a74fe8d627,TRUE,0.989258
586ad044e4b09266b0cab3a4,TRUE,0.95935
58b41ae6e4b0eec3bce006f1,TRUE,0.998475
58ba297de4b0d23e37735aff,TRUE,0.920633
58bc0932e4b0d23e37736b88,TRUE,0.997376
58b888bce4b0d23e377352db,FALSE,0.952121
58ae70cae4b068eafab0c752,TRUE,0.997159
58bdf8dee4b0d23e37738faf,TRUE,0.949395
58b2d529e4b0eec3bce0042e,TRUE,0.832044
58bb32e1e4b0d23e377364e6,TRUE,0.999015
58c41ee9e4b06d16e3cd2fce,TRUE,0.908541
58caf66ee4b06d16e3cd656e,TRUE,0.948584
58912b08e4b090cf9c5a4935,FALSE,0.897342
58b725f6e4b0d23e37734f53,TRUE,0.997433
58bc919ce4b0d23e37737be6,TRUE,0.999549
58b40128e4b0eec3bce006d5,TRUE,0.672906
58af2abbe4b068eafab0c7e9,TRUE,0.994791
58bc18dae4b0d23e37736cb7,TRUE,0.987845
58b9ec11e4b0d23e377358c4,TRUE,0.995226
58b9b61ae4b0d23e37735627,TRUE,0.998536
587aaf45e4b0d1a74fe8d5ca,TRUE,0.997437
58ad1746e4b08c6e1ec0ac52,TRUE,0.999828
58d41aefe4b06d16e3cda3c2,TRUE,0.729692
58ae3931e4b068eafab0c725,TRUE,0.999356
586ee1a9e4b0e80f9e3c23e5,TRUE,0.968215
58bb5c12e4b0d23e3773677b,TRUE,0.999136
58af968fe4b068eafab0c8ac,TRUE,0.99441
58bc4159e4b0d23e377371dc,FALSE,0.911895
58a4cf07e4b0314ab22f9d86,TRUE,0.738515
58adff05e4b068eafab0c6d8,TRUE,0.959965
58bea3cee4b0d23e37739424,TRUE,0.980267
58bcd531e4b0d23e37738289,TRUE,0.65217
58bd8615e4b0d23e3773870b,TRUE,0.999394
58bdbbc8e4b0d23e37738ade,TRUE,0.866349
58a4e22de4b0314ab22f9dae,TRUE,0.996788
58bae265e4b0d23e37735df2,FALSE,0.928618
58bd60b3e4b0d23e37738501,TRUE,0.997327
58960e94e4b05f998de9595e,TRUE,0.788923
5879024ee4b0d1a74fe8d4ad,TRUE,0.998589
58759c5be4b0087d2c8a06d3,TRUE,0.988172
586f31a4e4b0e80f9e3c241b,FALSE,0.789329
58ccec61e4b06d16e3cd7202,TRUE,0.997364
58bc4a95e4b0d23e37737312,FALSE,0.951941
58924c43e4b018a8bfc287fa,TRUE,0.503073
589e1f16e4b0314ab22f946a,TRUE,0.999737
58bb251de4b0d23e377363ab,TRUE,0.998589
58bdc10ce4b0d23e37738b32,TRUE,0.992377
58b338fde4b0eec3bce0054a,TRUE,0.956069
58a712d7e4b0fe09880450c2,FALSE,0.691032
58bb740be4b0d23e37736920,TRUE,0.998431
58accfc4e4b08c6e1ec0abb4,TRUE,0.945974
58951e23e4b05f998de95884,TRUE,0.997848
589c8b5ee4b0314ab22f9243,TRUE,0.809517
58af89dfe4b068eafab0c88f,TRUE,0.999805
5877ac24e4b0d1a74fe8d3c1,TRUE,0.998409
58bc1a5de4b0d23e37736cf0,TRUE,0.99514
58a85948e4b0fe098804522e,FALSE,0.950603
58bb7fd0e4b0d23e377369d0,TRUE,0.995997
58a600a3e4b0314ab22f9ea5,TRUE,0.983937
58929366e4b018a8bfc2884a,TRUE,0.607283
58bdfa84e4b0d23e37738fdf,TRUE,0.99951
58a78d1ee4b0fe0988045186,TRUE,0.998926
589b4b48e4b05f998de96055,TRUE,0.992318
58b9b6cde4b0d23e3773562b,TRUE,0.912939
58bca5c1e4b0d23e37737e33,FALSE,0.962435
58a2175de4b0314ab22f9a7a,FALSE,0.892417
58bb3db0e4b0d23e377365b6,TRUE,0.876747
58ab4fc9e4b08c6e1ec0a94d,FALSE,0.687965
58bc4641e4b0d23e3773727a,TRUE,0.998855
5883a9b8e4b04c4484df071a,TRUE,0.990258
58b48c24e4b0d23e377349d8,TRUE,0.996044
586b24dde4b09266b0cab3c3,TRUE,0.989703
58bc2c7ee4b0d23e37736f31,TRUE,0.999297
58aa0a26e4b0fe09880454e2,TRUE,0.999405
58d16b07e4b06d16e3cd90f6,TRUE,0.91045
58a4f277e4b0314ab22f9dbf,TRUE,0.974834
58badc47e4b0d23e37735d5c,TRUE,0.999251
58baddc4e4b0d23e37735d88,TRUE,0.995437
58bc5014e4b0d23e377373b4,TRUE,0.943943
58be413fe4b0d23e377393a7,TRUE,0.999327
58b330cde4b0eec3bce00507,TRUE,0.997471
589a60a9e4b05f998de95f54,TRUE,0.991255
58be1c40e4b0d23e37739239,TRUE,0.970969
58992400e4b05f998de95de2,FALSE,0.594217
5897bb41e4b05f998de95c61,TRUE,0.533001
58a8cb3be4b0fe0988045343,FALSE,0.876398
58bd907ae4b0d23e377387b4,TRUE,0.997688
58bc672ce4b0d23e3773768c,TRUE,0.985891
58b0b72ee4b05f7a0519318f,TRUE,0.991062
58b121ece4b0eec3bce0015f,TRUE,0.996653
58b50612e4b0d23e37734b59,TRUE,0.966379
58987743e4b05f998de95cf6,TRUE,0.996553
58a8b14ee4b0fe09880452e8,TRUE,0.99967
58819f78e4b04c4484df0658,TRUE,0.925011
58bc9217e4b0d23e37737bfa,TRUE,0.589014
58a4cf2ae4b0314ab22f9d87,FALSE,0.898895
58ae8c80e4b068eafab0c759,FALSE,0.954657
58ba10cde4b0d23e37735a26,TRUE,0.865604
58be4c84e4b0d23e377393c4,TRUE,0.999127
58bb16a4e4b0d23e377362a4,FALSE,0.576911
58b5ff2de4b0d23e37734cbd,TRUE,0.999525
58b6d994e4b0d23e37734e7c,TRUE,0.811443
58914831e4b090cf9c5a4953,TRUE,0.999519
58cf1e49e4b06d16e3cd83e6,TRUE,0.872598
58bc43b3e4b0d23e37737229,TRUE,0.99984
58b9b95ee4b0d23e37735656,TRUE,0.997583
58be226de4b0d23e37739271,FALSE,0.651244
586f339de4b0e80f9e3c2420,FALSE,0.862169
58b33682e4b0eec3bce00526,TRUE,0.989178
58a5ee24e4b0314ab22f9e81,FALSE,0.939502
58af384de4b068eafab0c7f8,TRUE,0.998703
58bc87d7e4b0d23e37737abf,FALSE,0.645099
58bc3851e4b0d23e377370e2,TRUE,0.99861
58a76f17e4b0fe0988045156,TRUE,0.983189
58bc498be4b0d23e377372ec,FALSE,0.503902
587959ace4b0d1a74fe8d4e8,TRUE,0.999075
589a7631e4b05f998de95f83,TRUE,0.881635
58bc51efe4b0d23e377373f1,TRUE,0.996292
58b35cb7e4b0eec3bce005da,TRUE,0.974331
5898f94de4b05f998de95d86,FALSE,0.988298
58ac6936e4b08c6e1ec0aac6,TRUE,0.994788
58b46c70e4b0eec3bce00840,TRUE,0.996249
589e145de4b0314ab22f9457,TRUE,0.675578
58bae47ce4b0d23e37735e2a,TRUE,0.998052
58bbc8e6e4b0d23e37736b07,TRUE,0.988399
58b8c668e4b0d23e377353ca,TRUE,0.997809
58bb1c36e4b0d23e3773631b,TRUE,0.999235
58a44989e4b0314ab22f9cc0,TRUE,0.926185
58bc9328e4b0d23e37737c12,TRUE,0.991404
58b19fc5e4b0eec3bce001cd,FALSE,0.988475
58bc31c7e4b0d23e37737007,TRUE,0.999331
58b48b58e4b0d23e377349d7,FALSE,0.990486
5897d504e4b05f998de95c8b,TRUE,0.995107
587cea02e4b0d1a74fe8d6d3,TRUE,0.994816
58bd9461e4b0d23e3773880d,TRUE,0.998023
58968fa8e4b05f998de95ad8,TRUE,0.995982
58a0288de4b0314ab22f9786,TRUE,0.844124
58768190e4b0087d2c8a0706,FALSE,0.993227
58be0ef4e4b0d23e37739168,FALSE,0.834363
587bc56ce4b0d1a74fe8d62c,TRUE,0.979153
5871c4ace4b0e80f9e3c2530,TRUE,0.892559
58bf037ee4b0d23e3773984b,TRUE,0.980446
58bafe4ce4b0d23e377360a6,TRUE,0.99979
58bb759ee4b0d23e3773693a,TRUE,0.994087
58b0a1d6e4b05f7a05193141,FALSE,0.97306
58bc7696e4b0d23e37737888,TRUE,0.999351
58b9be7de4b0d23e377356bb,TRUE,0.999724
58cd2f9ae4b06d16e3cd7283,TRUE,0.98534
589000b6e4b090cf9c5a4884,FALSE,0.883656
586d437fe4b00ce8c12e99e3,FALSE,0.978092
58bb396de4b0d23e37736563,TRUE,0.824014
58be2a0ee4b0d23e377392f2,TRUE,0.985125
58ba1b24e4b0d23e37735a9f,TRUE,0.980549
58bdf9a5e4b0d23e37738fc4,TRUE,0.930562
58ab4634e4b08c6e1ec0a93b,TRUE,0.99555
589eca68e4b0314ab22f9539,FALSE,0.972831
58bc7d2ee4b0d23e37737962,TRUE,0.999484
58b1dddae4b0eec3bce0028e,TRUE,0.99575
5871a2d5e4b0e80f9e3c251c,FALSE,0.55072
58af682be4b068eafab0c836,TRUE,0.999211
58b4a01ae4b0d23e37734a11,TRUE,0.985242
58badb4be4b0d23e37735d34,FALSE,0.944998
58c09d50e4b0d23e3773a661,TRUE,0.986243
58b1a4f8e4b0eec3bce001db,TRUE,0.999289
58c1aa95e4b06d16e3cd1a9c,TRUE,0.951323
58b34d1ee4b0eec3bce0059e,TRUE,0.985315
58bc7edee4b0d23e3773799d,TRUE,0.998681
5893bfb4e4b05f998de9571d,TRUE,0.732122
58b6c181e4b0d23e37734e1f,TRUE,0.887268
588a5720e4b090cf9c5a4479,TRUE,0.983792
58bd49dfe4b0d23e3773844e,TRUE,0.998847
58bc970be4b0d23e37737c99,FALSE,0.982351
5897ddc0e4b05f998de95c9b,TRUE,0.955263
58afae7fe4b068eafab0c8d0,TRUE,0.974975
58bdc009e4b0d23e37738b1f,FALSE,0.569295
5876e7f4e4b0087d2c8a0775,TRUE,0.991409
58b795d4e4b0d23e377350e4,TRUE,0.992872
58bae229e4b0d23e37735deb,FALSE,0.68389
58bc60d0e4b0d23e377375d6,TRUE,0.998695
58b22a1fe4b0eec3bce00381,TRUE,0.964552
58bcc5f8e4b0d23e37738141,TRUE,0.982381
58b726cde4b0d23e37734f5a,TRUE,0.949169
587f8936e4b03e3ebfd77ed8,FALSE,0.711202
58bc98d7e4b0d23e37737cce,TRUE,0.993543
58bdc2bce4b0d23e37738b55,TRUE,0.990807
58bac38ee4b0d23e37735c2a,TRUE,0.967404
58b9b7c8e4b0d23e37735638,TRUE,0.992848
58bb214ae4b0d23e37736371,TRUE,0.999872
5897dd6ce4b05f998de95c98,TRUE,0.998911
58ab79fee4b08c6e1ec0a9be,TRUE,0.998324
58a84c41e4b0fe098804521f,TRUE,0.999782
58b1e63ae4b0eec3bce002a9,TRUE,0.889892
58bd2ecae4b0d23e37738417,TRUE,0.999715
58b8cf89e4b0d23e377353f8,TRUE,0.866899
58b4b739e4b0d23e37734a5b,TRUE,0.918517
58b8f08be4b0d23e37735446,TRUE,0.998859
58bc8db4e4b0d23e37737b7a,TRUE,0.96157
58b9bed7e4b0d23e377356c4,TRUE,0.876777
589f588fe4b0314ab22f95f7,TRUE,0.991074
58ba34fce4b0d23e37735b32,TRUE,0.980443
58ad51e7e4b08c6e1ec0ac63,FALSE,0.547839
58bce5c8e4b0d23e37738330,TRUE,0.615468
58a0df71e4b0314ab22f990b,TRUE,0.996416
58bc244de4b0d23e37736e22,TRUE,0.991167
58bd6554e4b0d23e3773853d,TRUE,0.987149
58b47355e4b0eec3bce00852,TRUE,0.999785
58bdd162e4b0d23e37738c6a,TRUE,0.995298
58bcbeaae4b0d23e377380b4,TRUE,0.986441
58bc18c7e4b0d23e37736cb5,TRUE,0.986713
58bc6070e4b0d23e377375cc,FALSE,0.780155
58bb1157e4b0d23e3773622d,TRUE,0.942725
58b877cce4b0d23e37735297,FALSE,0.957857
58baf4bce4b0d23e37735fc2,FALSE,0.772687
587be586e4b0d1a74fe8d63c,TRUE,0.995417
58aa1c0fe4b0fe098804551d,FALSE,0.578593
58bbfb62e4b0d23e37736b43,FALSE,0.915454
58bc65b5e4b0d23e37737661,TRUE,0.957376
58ba4682e4b0d23e37735b6b,FALSE,0.956958
58b23ef8e4b0eec3bce003bc,TRUE,0.998945
58b4d8b2e4b0d23e37734ae1,FALSE,0.943808
58bad464e4b0d23e37735ca7,TRUE,0.966032
58892cbbe4b05f73db077a58,FALSE,0.791465
588b8763e4b090cf9c5a452c,FALSE,0.86139
58bb0692e4b0d23e3773612c,TRUE,0.998535
58a007f0e4b0314ab22f9768,TRUE,0.999728
58be16f4e4b0d23e377391e8,TRUE,0.996959
58aa0a9ce4b0fe09880454e7,TRUE,0.99149
58c04a59e4b0d23e3773a23d,FALSE,0.827304
58bc906be4b0d23e37737bca,TRUE,0.986077
58af451ae4b068eafab0c80c,TRUE,0.999039
58bb1938e4b0d23e377362db,TRUE,0.999755
58b1c4f0e4b0eec3bce00245,TRUE,0.957958
58bbac41e4b0d23e37736ada,TRUE,0.930194
58b44040e4b0eec3bce00780,TRUE,0.802414
58baf71be4b0d23e37735ff3,TRUE,0.961443
58bccea4e4b0d23e377381f2,TRUE,0.993605
58bcacb5e4b0d23e37737eea,TRUE,0.996528
589a94d4e4b05f998de95fcd,TRUE,0.934859
58a08975e4b0314ab22f97c3,TRUE,0.998979
58a617dce4b0314ab22f9eed,TRUE,0.735655
58b0cb3fe4b0eec3bce00104,TRUE,0.941979
58bc16fce4b0d23e37736c7f,TRUE,0.999281
58bb3ac1e4b0d23e37736582,TRUE,0.972469
58bafcc6e4b0d23e3773607c,TRUE,0.98908
5899d228e4b05f998de95ea3,FALSE,0.889198
58bdd64de4b0d23e37738ccb,TRUE,0.959492
58acdb86e4b08c6e1ec0abd1,TRUE,0.774221
5871c15de4b0e80f9e3c252a,TRUE,0.978234
58bde956e4b0d23e37738e50,TRUE,0.679605
58b63d06e4b0d23e37734da9,FALSE,0.652532
58acf048e4b08c6e1ec0abff,TRUE,0.986933
58baf6c1e4b0d23e37735feb,TRUE,0.981584
58964ad0e4b05f998de95a15,TRUE,0.998745
589634c5e4b05f998de959da,FALSE,0.970271
58b58df1e4b0d23e37734bb0,FALSE,0.825885
5894bc98e4b05f998de9580a,FALSE,0.95006
58bb0527e4b0d23e37736105,FALSE,0.852853
58990365e4b05f998de95d98,TRUE,0.999577
5894da65e4b05f998de9582b,FALSE,0.653765
58a2864ee4b0314ab22f9b49,TRUE,0.967494
58bd8bfde4b0d23e37738764,FALSE,0.803171
58bdf74ee4b0d23e37738f8a,TRUE,0.993803
58be2683e4b0d23e377392ab,TRUE,0.968419
58bbbae2e4b0d23e37736aee,TRUE,0.98158
58bb590de4b0d23e37736740,TRUE,0.963907
58b2d5e8e4b0eec3bce00430,TRUE,0.999486
58a76eb4e4b0fe0988045154,TRUE,0.7807
58badbc3e4b0d23e37735d49,TRUE,0.999914
58bb2e3de4b0d23e37736479,TRUE,0.990831
58cf2395e4b06d16e3cd8425,TRUE,0.998389
58ace2d8e4b08c6e1ec0abe1,FALSE,0.770631
58b0c119e4b0eec3bce000e7,TRUE,0.994434
58bb9352e4b0d23e37736a6e,TRUE,0.997561
58bd6d72e4b0d23e377385b9,TRUE,0.999376
58a3404de4b0314ab22f9bc6,FALSE,0.98005
58b9d2ffe4b0d23e377357e4,FALSE,0.854024
5897908de4b05f998de95c05,TRUE,0.998257
58b1c2cee4b0eec3bce00236,TRUE,0.964282
58ae07b2e4b068eafab0c6e2,TRUE,0.927911
58bc7e55e4b0d23e3773798f,TRUE,0.986669
58bc60dfe4b0d23e377375db,TRUE,0.980645
58bc7f3ae4b0d23e377379af,FALSE,0.910467
58b806eae4b0d23e37735165,TRUE,0.993588
58bc90f5e4b0d23e37737bd6,FALSE,0.916955
58bd546de4b0d23e3773847d,TRUE,0.704975
58b6f326e4b0d23e37734ee5,TRUE,0.99327
58b82adee4b0d23e377351bc,FALSE,0.890634
58b9be3ae4b0d23e377356b6,TRUE,0.888782
589d23e9e4b0314ab22f934a,TRUE,0.997883
58bc4f4ee4b0d23e3773739b,TRUE,0.99789
58b74a37e4b0d23e37734fdd,TRUE,0.998952
58bc110de4b0d23e37736c06,TRUE,0.99949
58a861dde4b0fe098804524b,TRUE,0.999639
58a0a3cfe4b0314ab22f97f5,TRUE,0.998935
58bd90fee4b0d23e377387bb,TRUE,0.927715
58ab93cfe4b08c6e1ec0a9eb,TRUE,0.999807
58a116afe4b0314ab22f998f,TRUE,0.999811
58b4ccd1e4b0d23e37734ab2,TRUE,0.996237
58b9b91ae4b0d23e37735653,TRUE,0.997613
589b0debe4b05f998de96000,TRUE,0.996679
588befb8e4b090cf9c5a459d,TRUE,0.996865
58bae1a3e4b0d23e37735dd6,TRUE,0.974227
58bc4e5ae4b0d23e37737379,TRUE,0.997526
58b1c144e4b0eec3bce0022b,TRUE,0.996389
58a7aff4e4b0fe09880451b5,TRUE,0.592426
589fe01ee4b0314ab22f9722,TRUE,0.984724
58bb1cdfe4b0d23e37736325,TRUE,0.997301
58a1b245e4b0314ab22f99e7,TRUE,0.984131
58bcd293e4b0d23e37738256,TRUE,0.998192
58b1d788e4b0eec3bce0027b,TRUE,0.987979
58badef6e4b0d23e37735d9a,TRUE,0.999725
58be09c6e4b0d23e37739119,TRUE,0.936439
587aa072e4b0d1a74fe8d5c2,FALSE,0.812788
58b4d967e4b0d23e37734ae2,TRUE,0.93074
58a161fde4b0314ab22f99e0,TRUE,0.999032
58bc48c5e4b0d23e377372cd,FALSE,0.97579
58bc0d99e4b0d23e37736bc5,FALSE,0.582673
58b85b91e4b0d23e37735224,TRUE,0.981849
58b30822e4b0eec3bce00493,TRUE,0.99489
58ba13ffe4b0d23e37735a56,FALSE,0.956345
58b85b67e4b0d23e37735222,TRUE,0.995585
58bc657fe4b0d23e37737658,TRUE,0.997858
58bc8463e4b0d23e37737a59,TRUE,0.980831
58b7f6d8e4b0d23e37735144,TRUE,0.996999
58bd871fe4b0d23e37738718,TRUE,0.906714
58782ac9e4b0d1a74fe8d454,TRUE,0.987818
5894a9a1e4b05f998de957e4,TRUE,0.996891
58bdf983e4b0d23e37738fc2,TRUE,0.997726
58baeae3e4b0d23e37735eac,FALSE,0.973914
58bc380be4b0d23e377370d2,TRUE,0.990445
58b138c0e4b0eec3bce00169,TRUE,0.984586
58bcd079e4b0d23e3773821c,TRUE,0.948491
58bb5ba7e4b0d23e3773676e,TRUE,0.992999
58bb14cce4b0d23e3773627b,TRUE,0.986863
58a0deb9e4b0314ab22f9906,TRUE,0.999572
58b625e3e4b0d23e37734d65,TRUE,0.996104
58bea036e4b0d23e37739410,FALSE,0.962747
58bdc802e4b0d23e37738ba3,TRUE,0.999123
58bade82e4b0d23e37735d90,TRUE,0.998257
58bb7001e4b0d23e377368df,TRUE,0.97745
589e1b07e4b0314ab22f9462,TRUE,0.942569
586ff657e4b0e80f9e3c2459,TRUE,0.893671
58b76bc3e4b0d23e3773504e,TRUE,0.999143
58bc554be4b0d23e3773744e,FALSE,0.829267
586f31f8e4b0e80f9e3c241e,FALSE,0.845823
58bb63a6e4b0d23e37736812,TRUE,0.999007
58bc8aace4b0d23e37737b22,TRUE,0.999785
58bc8829e4b0d23e37737ac6,TRUE,0.998862
586b09dfe4b09266b0cab3ba,TRUE,0.676993
588530dae4b04c4484df0838,TRUE,0.998555
58baf646e4b0d23e37735fe3,TRUE,0.998744
58c0b87fe4b0d23e3773a796,TRUE,0.996438
58bc7e2ae4b0d23e37737987,TRUE,0.997249
589e4181e4b0314ab22f94c6,FALSE,0.973665
58b1bed3e4b0eec3bce00225,TRUE,0.836111
58bc475fe4b0d23e377372a4,TRUE,0.997603
58a70a40e4b0fe09880450bb,TRUE,0.895875
58ac9fd7e4b08c6e1ec0ab3b,TRUE,0.976652
58bc1144e4b0d23e37736c0b,TRUE,0.586223
58bb6adce4b0d23e37736885,TRUE,0.971097
58933790e4b018a8bfc28882,TRUE,0.996852
589b960be4b05f998de960b0,FALSE,0.702084
58a93e96e4b0fe09880453e5,TRUE,0.976507
589ffb07e4b0314ab22f9753,TRUE,0.999847
58bc238ee4b0d23e37736e0f,FALSE,0.706724
58bdf361e4b0d23e37738f40,TRUE,0.968246
58a3275ae4b0314ab22f9ba5,TRUE,0.561357
587bdffee4b0d1a74fe8d638,TRUE,0.994671
58b1c3a9e4b0eec3bce0023c,TRUE,0.98923
58a66fa6e4b0314ab22f9f6d,TRUE,0.998011
58ad1291e4b08c6e1ec0ac4a,TRUE,0.66527
58b197a2e4b0eec3bce001ad,TRUE,0.756771
589c55f0e4b05f998de96157,TRUE,0.999212
5893a802e4b018a8bfc288de,TRUE,0.998947
58bd64f3e4b0d23e37738534,TRUE,0.981429
586fc847e4b0e80f9e3c243b,TRUE,0.910097
58bcdf1ce4b0d23e377382f9,TRUE,0.943667
58bc69a0e4b0d23e377376d8,FALSE,0.908733
58ad4e3be4b08c6e1ec0ac61,TRUE,0.936657
58850e80e4b04c4484df080a,TRUE,0.722087
58bc2e39e4b0d23e37736f6b,TRUE,0.999932
58bdc5bfe4b0d23e37738b7d,TRUE,0.999652
58baeb2be4b0d23e37735eb3,TRUE,0.999803
58bb3b97e4b0d23e37736592,TRUE,0.998954
58cf492ee4b06d16e3cd8537,FALSE,0.981656
589d250fe4b0314ab22f934c,TRUE,0.973412
589d050ce4b0314ab22f92fb,TRUE,0.983149
589e11fce4b0314ab22f944e,FALSE,0.834816
58975d09e4b05f998de95b87,FALSE,0.943639
58cea0e4e4b06d16e3cd7d1c,TRUE,0.945127
58af8dcce4b068eafab0c897,TRUE,0.998768
58aa54d9e4b0fe0988045582,TRUE,0.996803
58bcc5f5e4b0d23e37738140,FALSE,0.896991
58aa110ee4b0fe09880454f4,FALSE,0.988176
58bc641fe4b0d23e3773762e,TRUE,0.667053
58bc460be4b0d23e37737274,FALSE,0.743453
58bb5333e4b0d23e377366ed,TRUE,0.99206
58cea271e4b06d16e3cd7d35,TRUE,0.999855
5873e01ae4b0087d2c8a0640,FALSE,0.662164
587e16ece4b068f9da39297d,FALSE,0.927965
58b4d248e4b0d23e37734ac9,FALSE,0.719706
5882c9c6e4b04c4484df06d1,TRUE,0.71556
5889574ee4b05f73db077a7b,TRUE,0.791523
58b4cc20e4b0d23e37734aaf,TRUE,0.925966
58b9c7e7e4b0d23e37735744,FALSE,0.729488
58bcc0dae4b0d23e377380da,FALSE,0.973172
58a23e9fe4b0314ab22f9ad2,TRUE,0.633057
58bc3bc3e4b0d23e37737155,TRUE,0.927538
58bcabf7e4b0d23e37737ed3,TRUE,0.990376
58a0c598e4b0314ab22f9845,TRUE,0.999729
58ac97d9e4b08c6e1ec0ab2d,TRUE,0.762024
58bb0f88e4b0d23e377361f3,TRUE,0.999068
58bae054e4b0d23e37735db3,TRUE,0.996522
58bdd5f4e4b0d23e37738cc5,FALSE,0.876571
58bc0b06e4b0d23e37736b97,TRUE,0.994985
58b9b3ece4b0d23e3773560a,TRUE,0.570892
58bdc745e4b0d23e37738b97,TRUE,0.981311
58bc1e06e4b0d23e37736d72,TRUE,0.992505
58bc7ae5e4b0d23e3773790a,TRUE,0.999382
58b75ec0e4b0d23e3773502f,TRUE,0.995597
58bd6df3e4b0d23e377385c6,TRUE,0.87209
58baf4cbe4b0d23e37735fc3,TRUE,0.999492
58ba1a9de4b0d23e37735a99,TRUE,0.906897
58a3b697e4b0314ab22f9c66,FALSE,0.876448
58bccd5fe4b0d23e377381d4,FALSE,0.866397
58bb40bce4b0d23e377365f2,FALSE,0.79982
58829befe4b04c4484df06a1,TRUE,0.996797
58bb77cfe4b0d23e37736962,TRUE,0.616087
58bc951de4b0d23e37737c49,TRUE,0.995272
58bae64de4b0d23e37735e5b,TRUE,0.995014
588cff7ee4b090cf9c5a462a,TRUE,0.691608
587b744ee4b0d1a74fe8d600,TRUE,0.994058
58bc4608e4b0d23e37737272,FALSE,0.540067
588c1176e4b090cf9c5a45b3,TRUE,0.995991
58b6963de4b0d23e37734e05,FALSE,0.973234
58ba2098e4b0d23e37735ad2,TRUE,0.999928
58797aece4b0d1a74fe8d508,TRUE,0.995079
58b9d42de4b0d23e377357fd,FALSE,0.861109
58b81c41e4b0d23e3773518d,TRUE,0.996496
58bb0169e4b0d23e377360d8,TRUE,0.986859
58acb844e4b08c6e1ec0ab5a,FALSE,0.941966
58baec5ae4b0d23e37735ec8,TRUE,0.999018
58bc8656e4b0d23e37737a97,TRUE,0.951724
58a00189e4b0314ab22f9764,TRUE,0.99951
58baeec9e4b0d23e37735f06,FALSE,0.949297
58af42d0e4b068eafab0c803,TRUE,0.99829
58b61e6fe4b0d23e37734d45,TRUE,0.817414
58bc38a0e4b0d23e377370f1,TRUE,0.682357
587a8241e4b0d1a74fe8d5a6,TRUE,0.984895
58a1dabee4b0314ab22f9a12,TRUE,0.900062
58bc7f0de4b0d23e377379a8,TRUE,0.939233
58bdd175e4b0d23e37738c6c,TRUE,0.999841
58b72ae0e4b0d23e37734f63,TRUE,0.987171
58b46bcae4b0eec3bce0083e,TRUE,0.956123
58b769f2e4b0d23e37735049,TRUE,0.937205
58bb3317e4b0d23e377364ee,TRUE,0.999232
58bc7190e4b0d23e377377e6,TRUE,0.997791
589511eae4b05f998de95879,FALSE,0.910869
58b38e1be4b0eec3bce00660,TRUE,0.812512
58bd8a00e4b0d23e37738744,TRUE,0.999831
58ba1cdde4b0d23e37735ab1,TRUE,0.879236
58a07af3e4b0314ab22f97b9,TRUE,0.94973
58aa31e2e4b0fe0988045538,FALSE,0.792561
58bc1ebee4b0d23e37736d85,TRUE,0.99935
587d5de1e4b068f9da392921,TRUE,0.999542
587cd01ce4b0d1a74fe8d6ad,TRUE,0.884053
589a4f6de4b05f998de95f38,TRUE,0.865914
58bb5c99e4b0d23e3773678f,TRUE,0.992681
58bc4142e4b0d23e377371d8,FALSE,0.908001
58b6d49ae4b0d23e37734e6d,TRUE,0.997793
58b21718e4b0eec3bce00354,FALSE,0.68587
58be2738e4b0d23e377392b2,TRUE,0.983753
58baeb33e4b0d23e37735eb4,TRUE,0.82783
58b7060ae4b0d23e37734f13,TRUE,0.999373
58a0cdfee4b0314ab22f985f,FALSE,0.562013
58b209bde4b0eec3bce00338,TRUE,0.986805
58c72d95e4b06d16e3cd4c58,TRUE,0.993605
5890f4c5e4b090cf9c5a48e8,FALSE,0.915452
58bad58ce4b0d23e37735cc4,TRUE,0.987325
58bb41e4e4b0d23e37736603,TRUE,0.670197
58bc087de4b0d23e37736b7f,TRUE,0.999403
5897c887e4b05f998de95c7c,TRUE,0.986582
58a7c571e4b0fe09880451ca,TRUE,0.90418
589292cce4b018a8bfc28849,TRUE,0.995236
58bc1a9ee4b0d23e37736cf9,TRUE,0.999546
58bb2308e4b0d23e37736388,TRUE,0.999703
58bc95fee4b0d23e37737c77,FALSE,0.768787
58b85bfce4b0d23e37735227,TRUE,0.996179
58aec2d6e4b068eafab0c775,TRUE,0.617931
58bc533ce4b0d23e37737413,FALSE,0.937348
58b8d2c7e4b0d23e3773540c,TRUE,0.998388
58be17dde4b0d23e37739201,FALSE,0.902586
58bb40bfe4b0d23e377365f3,FALSE,0.965896
58bc77d6e4b0d23e377378b8,TRUE,0.990146
58bcc05ae4b0d23e377380d2,FALSE,0.985911
589f293ce4b0314ab22f958a,TRUE,0.510935
58b0b70be4b05f7a0519318d,FALSE,0.962449
58bdfd70e4b0d23e37739022,TRUE,0.993241
5897a418e4b05f998de95c21,FALSE,0.756951
58bd9d40e4b0d23e377388ae,TRUE,0.994424
58ba08cae4b0d23e377359d1,TRUE,0.958506
5883a992e4b04c4484df0718,TRUE,0.997519
58a0d138e4b0314ab22f9875,FALSE,0.931205
58bafbece4b0d23e37736065,TRUE,0.997143
58bb82e0e4b0d23e377369f6,TRUE,0.99934
5899ab98e4b05f998de95e88,TRUE,0.953635
58799e4ce4b0d1a74fe8d527,TRUE,0.667601
58bc2aa7e4b0d23e37736f01,TRUE,0.99043
58bb61e5e4b0d23e377367f5,FALSE,0.890111
58bde314e4b0d23e37738dd4,TRUE,0.998845
58aa03bae4b0fe09880454d8,TRUE,0.99689
588b9bc2e4b090cf9c5a4542,TRUE,0.990202
589f2f94e4b0314ab22f9596,TRUE,0.999667
58b1ba33e4b0eec3bce00213,TRUE,0.951518
58a7844be4b0fe0988045177,TRUE,0.994869
58bda9a9e4b0d23e37738975,TRUE,0.979128
58bb0d8ae4b0d23e377361d5,TRUE,0.998509
58bad6b4e4b0d23e37735cd1,FALSE,0.78478
58bc710ce4b0d23e377377d9,TRUE,0.912026
588a3873e4b090cf9c5a4457,FALSE,0.876018
58bdd94fe4b0d23e37738d13,TRUE,0.799476
58a243f7e4b0314ab22f9adc,TRUE,0.998924
587cc87ce4b0d1a74fe8d6a1,TRUE,0.997995
586d7924e4b00ce8c12e99f1,TRUE,0.951668
58bb0bd8e4b0d23e377361b0,TRUE,0.994856
58b50405e4b0d23e37734b4c,TRUE,0.99414
5871de3de4b0e80f9e3c2539,FALSE,0.691237
58bb928fe4b0d23e37736a67,TRUE,0.99898
58b9cbd5e4b0d23e37735784,FALSE,0.503281
58b06c82e4b05f7a051930cc,TRUE,0.753482
58bc641fe4b0d23e3773762f,TRUE,0.983674
58bddd6ce4b0d23e37738d6a,TRUE,0.995301
589aa843e4b05f998de95fde,TRUE,0.995975
58bad7b5e4b0d23e37735cdd,TRUE,0.989394
58bc5af5e4b0d23e3773751e,TRUE,0.998809
58be0eb8e4b0d23e37739164,FALSE,0.893904
589d0de3e4b0314ab22f9316,FALSE,0.857836
58b97360e4b0d23e37735495,TRUE,0.858123
58cfade6e4b06d16e3cd8612,TRUE,0.84688
58bd7374e4b0d23e37738602,TRUE,0.989251
58bb210ee4b0d23e3773636c,TRUE,0.998587
58a1047be4b0314ab22f9974,FALSE,0.978959
58a6fe10e4b0fe0988045099,TRUE,0.985348
58b98a29e4b0d23e377354d2,FALSE,0.907268
5883fa8ae4b04c4484df0789,FALSE,0.71552
5885511fe4b04c4484df085f,TRUE,0.993368
58bdb316e4b0d23e37738a05,TRUE,0.674433
58a8d19ce4b0fe098804535a,TRUE,0.884378
58bafc22e4b0d23e3773606d,TRUE,0.999781
58bc4838e4b0d23e377372c1,TRUE,0.959265
589922cee4b05f998de95ddf,TRUE,0.99739
58ac79b3e4b08c6e1ec0aaf7,TRUE,0.970906
588f5486e4b090cf9c5a4799,TRUE,0.9471
58beb0f0e4b0d23e37739458,TRUE,0.99026
58bd6c28e4b0d23e377385a5,TRUE,0.961138
5871c13de4b0e80f9e3c2528,TRUE,0.627038
58bdb758e4b0d23e37738a5b,TRUE,0.996238
58aa16ace4b0fe0988045501,TRUE,0.997526
58bb1090e4b0d23e37736216,TRUE,0.99855
58b18caae4b0eec3bce00192,TRUE,0.979447
58bdfd00e4b0d23e3773901c,TRUE,0.97919
58b475dbe4b0eec3bce0085a,TRUE,0.99504
58b8cf0fe4b0d23e377353f6,TRUE,0.942538
58bd91d1e4b0d23e377387d6,TRUE,0.998757
58ac9e73e4b08c6e1ec0ab38,TRUE,0.985129
58bcbc5de4b0d23e3773808b,TRUE,0.524465
58bda04fe4b0d23e377388e7,TRUE,0.999656
58bc8106e4b0d23e377379f2,TRUE,0.999306
58ab7076e4b08c6e1ec0a993,TRUE,0.996663
589667b8e4b05f998de95a7e,TRUE,0.996237
58b9ab91e4b0d23e3773555c,TRUE,0.979113
589b2751e4b05f998de96011,TRUE,0.999257
58901bcde4b090cf9c5a489d,TRUE,0.951408
58bd62dfe4b0d23e3773851d,TRUE,0.976302
58b38e80e4b0eec3bce00664,TRUE,0.994886
58bb36dce4b0d23e37736535,FALSE,0.560975
58a725aae4b0fe09880450db,TRUE,0.998754
587ae0d1e4b0d1a74fe8d5e7,TRUE,0.998724
58ad5f9ae4b08c6e1ec0ac9a,TRUE,0.999829
58bb19b5e4b0d23e377362e4,TRUE,0.946506
586eca93e4b0e80f9e3c23d5,TRUE,0.990081
588bcaa5e4b090cf9c5a4579,TRUE,0.996483
58bb779de4b0d23e3773695e,TRUE,0.752474
58bc486ee4b0d23e377372c6,TRUE,0.994766
58baf2ade4b0d23e37735f7f,TRUE,0.999544
58afaef6e4b068eafab0c8d2,TRUE,0.996223
588b514be4b090cf9c5a4503,TRUE,0.997819
58bc6fa4e4b0d23e377377a7,TRUE,0.999703
58771ec4e4b0087d2c8a07a8,TRUE,0.944774
58a41ec8e4b0314ab22f9cad,TRUE,0.99604
58abad50e4b08c6e1ec0aa21,TRUE,0.997701
58a8c94fe4b0fe0988045331,TRUE,0.997784
58b64bdde4b0d23e37734dc2,TRUE,0.992402
5894b302e4b05f998de957fc,FALSE,0.834045
586c5e93e4b00ce8c12e99b9,TRUE,0.500943
58952309e4b05f998de9588c,TRUE,0.998817
58af514ce4b068eafab0c81b,FALSE,0.938675
58bb7cb9e4b0d23e377369aa,TRUE,0.945675
58bc0db3e4b0d23e37736bc7,TRUE,0.998649
58bc02a7e4b0d23e37736b5b,TRUE,0.998973
58ac9c7be4b08c6e1ec0ab34,TRUE,0.994106
58a9ad21e4b0fe0988045415,FALSE,0.560852
58a8d1afe4b0fe098804535c,TRUE,0.996802
58bc6db7e4b0d23e37737776,TRUE,0.991996
58704d39e4b0e80f9e3c24cd,TRUE,0.937627
586d862fe4b00ce8c12e99f4,FALSE,0.907434
58af387ce4b068eafab0c7fb,TRUE,0.985712
58bdbed0e4b0d23e37738b0e,TRUE,0.99324
58bae994e4b0d23e37735e9b,TRUE,0.993483
58bc96b8e4b0d23e37737c90,TRUE,0.999943
58be173be4b0d23e377391ef,TRUE,0.950578
587fcc5fe4b03e3ebfd77f00,TRUE,0.631758
58bca681e4b0d23e37737e45,FALSE,0.963118
589a6110e4b05f998de95f55,TRUE,0.929908
58baef58e4b0d23e37735f26,TRUE,0.870445
58924cf4e4b018a8bfc28801,TRUE,0.986853
58b61e0ee4b0d23e37734d43,FALSE,0.913469
58bc79eee4b0d23e377378f6,TRUE,0.999872
58b78e4ce4b0d23e377350cc,TRUE,0.993104
58b99c73e4b0d23e37735511,TRUE,0.977622
58b71fe8e4b0d23e37734f3f,TRUE,0.973538
58ba0cb5e4b0d23e377359f2,TRUE,0.999052
58978e04e4b05f998de95bff,TRUE,0.999913
58bc581de4b0d23e377374be,TRUE,0.943914
588e3685e4b090cf9c5a46c6,TRUE,0.996443
58bc8615e4b0d23e37737a8d,TRUE,0.997731
58b3676fe4b0eec3bce00617,TRUE,0.997545
58bc72aee4b0d23e37737807,TRUE,0.999433
58b8bbe0e4b0d23e3773539a,FALSE,0.724311
58bb65ece4b0d23e37736842,TRUE,0.999935
58bd8b0ae4b0d23e37738752,TRUE,0.985273
58bcac43e4b0d23e37737edc,TRUE,0.998254
58bdf929e4b0d23e37738fba,TRUE,0.994483
58bcf236e4b0d23e377383aa,TRUE,0.998257
58a9b6f6e4b0fe0988045435,FALSE,0.955202
5899c20fe4b05f998de95e9a,TRUE,0.91453
58bfde5ae4b0d23e37739f27,FALSE,0.624062
58be1759e4b0d23e377391f2,TRUE,0.953762
58b4b0ebe4b0d23e37734a43,TRUE,0.999077
58be0fb0e4b0d23e37739171,TRUE,0.968854
58bc44c6e4b0d23e3773724d,TRUE,0.825851
58ad1daee4b08c6e1ec0ac55,TRUE,0.991716
58baf29ce4b0d23e37735f7d,TRUE,0.998685
586fa0c8e4b0e80f9e3c242f,TRUE,0.997512
58bc6f71e4b0d23e377377a0,TRUE,0.986687
58bae219e4b0d23e37735de8,TRUE,0.992794
588d0c7de4b090cf9c5a4635,TRUE,0.998998
58bc9c87e4b0d23e37737d30,TRUE,0.99613
58c1ae33e4b06d16e3cd1abf,TRUE,0.858506
58bb5550e4b0d23e37736710,FALSE,0.983918
58b59f58e4b0d23e37734bf0,TRUE,0.978855
58bc1a3de4b0d23e37736cec,TRUE,0.998628
58be58e0e4b0d23e377393d3,TRUE,0.997505
58bb0404e4b0d23e377360f7,TRUE,0.994471
58bac4fbe4b0d23e37735c36,TRUE,0.917259
587cea46e4b0d1a74fe8d6d5,FALSE,0.941458
58aa7c10e4b0fe09880455b1,TRUE,0.998457
58bc34d3e4b0d23e3773706b,TRUE,0.984631
58bcb202e4b0d23e37737f81,TRUE,0.998203
58bc9a15e4b0d23e37737cf2,TRUE,0.99824
58a62a18e4b0314ab22f9f04,FALSE,0.817275
588bdaa7e4b090cf9c5a4589,TRUE,0.99954
58bbbde0e4b0d23e37736af5,TRUE,0.996271
58b0cd76e4b0eec3bce00108,TRUE,0.984142
5878274ae4b0d1a74fe8d44d,FALSE,0.632558
58b0a286e4b05f7a05193146,TRUE,0.999938
58bc3c4be4b0d23e3773715d,TRUE,0.70945
589e6ad6e4b0314ab22f94fa,TRUE,0.89699
58bdea6ce4b0d23e37738e77,FALSE,0.922506
589a71afe4b05f998de95f7f,TRUE,0.983728
589a7832e4b05f998de95f89,TRUE,0.987748
58bb7447e4b0d23e37736924,TRUE,0.995889
588deb0ae4b090cf9c5a4692,FALSE,0.976785
589cfa22e4b0314ab22f92e4,TRUE,0.999665
58bcf699e4b0d23e377383c4,FALSE,0.944344
58b9aab9e4b0d23e3773554c,TRUE,0.981624
58bc7a2fe4b0d23e377378fb,FALSE,0.906772
588a1abde4b090cf9c5a4425,TRUE,0.999196
587fa06fe4b03e3ebfd77ee3,TRUE,0.985336
58bdcd83e4b0d23e37738c1e,TRUE,0.986684
58bce693e4b0d23e3773833f,TRUE,0.697019
587ced84e4b0d1a74fe8d6dc,FALSE,0.954925
58bc85cae4b0d23e37737a81,FALSE,0.959784
588a632ae4b090cf9c5a4486,TRUE,0.990569
58be1734e4b0d23e377391ed,TRUE,0.995262
587135b3e4b0e80f9e3c24f1,TRUE,0.971443
58ab55e0e4b08c6e1ec0a953,TRUE,0.979696
58bc30dae4b0d23e37736fdc,TRUE,0.954727
58b22896e4b0eec3bce0037b,TRUE,0.999696
58950292e4b05f998de9585d,FALSE,0.502401
58a0dd14e4b0314ab22f9904,TRUE,0.991806
5889332ce4b05f73db077a5c,FALSE,0.822287
58bd7577e4b0d23e37738627,TRUE,0.991202
58b079d5e4b05f7a051930e1,TRUE,0.99693
58be0190e4b0d23e3773908c,FALSE,0.802574
58bb7d6ae4b0d23e377369b0,FALSE,0.636412
58bc37b1e4b0d23e377370c6,FALSE,0.901319
58bdc81ce4b0d23e37738ba7,TRUE,0.951505
58b1d345e4b0eec3bce00274,TRUE,0.991818
5892b265e4b018a8bfc2886a,TRUE,0.968412
5899b98be4b05f998de95e8d,TRUE,0.90948
58bcd4e3e4b0d23e37738282,TRUE,0.996606
5899351ce4b05f998de95e27,TRUE,0.979968
58adff22e4b068eafab0c6d9,TRUE,0.98205
58a249d4e4b0314ab22f9aea,FALSE,0.955054
589fbba1e4b0314ab22f96d6,TRUE,0.987225
58be1a1be4b0d23e37739223,FALSE,0.985519
58be0559e4b0d23e377390c2,TRUE,0.998903
58a0238ee4b0314ab22f977a,TRUE,0.998292
58bd8f26e4b0d23e3773879d,TRUE,0.997661
58bea6f1e4b0d23e37739434,TRUE,0.99935
58bb0a94e4b0d23e37736191,FALSE,0.854854
58af4a6fe4b068eafab0c813,FALSE,0.898783
58bb749ee4b0d23e3773692a,TRUE,0.991097
58bb34c1e4b0d23e37736511,TRUE,0.99299
58a83e17e4b0fe09880451f5,TRUE,0.998324
58b734c5e4b0d23e37734f86,TRUE,0.992415
58bce4b8e4b0d23e37738328,TRUE,0.979181
58a0c573e4b0314ab22f9844,TRUE,0.999585
58c0a5c3e4b0d23e3773a6b5,TRUE,0.998814
58bc615ee4b0d23e377375ed,TRUE,0.989419
58bb2fb5e4b0d23e377364a1,FALSE,0.801008
58cf6b96e4b06d16e3cd85df,TRUE,0.996018
58b624bde4b0d23e37734d63,TRUE,0.98987
5894b9e6e4b05f998de95807,FALSE,0.934505
58bb097ce4b0d23e3773617e,TRUE,0.999921
58bdc925e4b0d23e37738bc5,TRUE,0.986426
58bca992e4b0d23e37737e91,TRUE,0.999854
589941a3e4b05f998de95e39,TRUE,0.989934
5898e58be4b05f998de95d74,TRUE,0.992987
58ba59cbe4b0d23e37735bd1,TRUE,0.992188
58b6ef56e4b0d23e37734edb,TRUE,0.964263
58baa2f2e4b0d23e37735be8,TRUE,0.982498
58baeba0e4b0d23e37735eb9,FALSE,0.877189
58922a60e4b018a8bfc287e2,TRUE,0.998348
58ac9651e4b08c6e1ec0ab26,TRUE,0.868836
58b82a03e4b0d23e377351b5,TRUE,0.92177
58b9fb75e4b0d23e3773594d,FALSE,0.980157
589d262de4b0314ab22f9353,FALSE,0.546625
58badb3ae4b0d23e37735d30,TRUE,0.998732
589cfb7ae4b0314ab22f92e9,TRUE,0.998472
5872bbe2e4b0e80f9e3c2579,TRUE,0.994362
58b078efe4b05f7a051930dc,TRUE,0.999853
58bc63c9e4b0d23e37737627,TRUE,0.998087
58a5e971e4b0314ab22f9e67,TRUE,0.785163
58bdabd3e4b0d23e3773898f,TRUE,0.94111
58b33d32e4b0eec3bce0055c,TRUE,0.992582
58bc1cb6e4b0d23e37736d43,FALSE,0.981913
58bb1e62e4b0d23e3773633b,TRUE,0.99724
587bdbb3e4b0d1a74fe8d636,FALSE,0.954696
58af7c56e4b068eafab0c86c,TRUE,0.998577
589f1f7ce4b0314ab22f957a,FALSE,0.807144
58baefbee4b0d23e37735f35,TRUE,0.992891
58ba1bc7e4b0d23e37735aa5,TRUE,0.863968
58bae101e4b0d23e37735dc9,TRUE,0.999464
58bb7ceee4b0d23e377369ac,TRUE,0.997228
58694160e4b09266b0cab347,TRUE,0.978386
5884d320e4b04c4484df07da,TRUE,0.986815
58bcec52e4b0d23e37738370,TRUE,0.993726
58bc2284e4b0d23e37736df2,TRUE,0.768672
589a686fe4b05f998de95f69,TRUE,0.992663
58ab751ce4b08c6e1ec0a9a6,TRUE,0.998134
587588b0e4b0087d2c8a06cc,TRUE,0.999337
58b4775de4b0eec3bce00863,TRUE,0.996197
58ba1feee4b0d23e37735ac6,FALSE,0.992431
58bae77de4b0d23e37735e74,TRUE,0.999688
58bb796ae4b0d23e3773697a,TRUE,0.851461
58aa3199e4b0fe0988045537,TRUE,0.998233
58ab132ce4b08c6e1ec0a8bc,TRUE,0.997047
58badbc8e4b0d23e37735d4c,TRUE,0.998591
58bc37b2e4b0d23e377370c7,TRUE,0.994929
58bb28e3e4b0d23e3773640d,TRUE,0.98895
58893319e4b05f73db077a5b,TRUE,0.999197
589904a0e4b05f998de95d9e,TRUE,0.998333
5871b4fde4b0e80f9e3c2523,FALSE,0.901146
58bb244ce4b0d23e3773639c,TRUE,0.994528
588fc26ce4b090cf9c5a4826,FALSE,0.852646
588c1973e4b090cf9c5a45b5,FALSE,0.86348
58bc73cae4b0d23e37737828,FALSE,0.950186
58bb0777e4b0d23e3773613f,TRUE,0.877669
58bcdcade4b0d23e377382d8,TRUE,0.997525
58bd6104e4b0d23e37738507,TRUE,0.995265
58c39f45e4b06d16e3cd2d93,TRUE,0.851588
5871e504e4b0e80f9e3c253c,FALSE,0.976653
58b0a38de4b05f7a0519314a,TRUE,0.999887
58a11e6de4b0314ab22f999a,TRUE,0.998934
58a22268e4b0314ab22f9a9d,TRUE,0.997768
58ab413fe4b08c6e1ec0a929,FALSE,0.869495
58b4e186e4b0d23e37734b04,FALSE,0.819129
58b7a449e4b0d23e3773510a,TRUE,0.993232
588e08e4e4b090cf9c5a46a2,FALSE,0.967443
58bb42dfe4b0d23e37736614,TRUE,0.807804
58bca95ce4b0d23e37737e8a,TRUE,0.932924
58b63606e4b0d23e37734d8a,FALSE,0.902427
58bc0826e4b0d23e37736b7a,FALSE,0.883623
5890e295e4b090cf9c5a48dd,TRUE,0.999275
58ba187ae4b0d23e37735a84,TRUE,0.993234
58b790d6e4b0d23e377350d0,TRUE,0.983647
58b660b7e4b0d23e37734dd7,TRUE,0.526918
58b32f94e4b0eec3bce00502,TRUE,0.862651
58993fe9e4b05f998de95e33,TRUE,0.825587
58bc55cbe4b0d23e37737466,FALSE,0.756267
58b4df40e4b0d23e37734afd,FALSE,0.978271
58bce622e4b0d23e37738335,FALSE,0.63938
58b4d30be4b0d23e37734ad2,FALSE,0.951171
58b6e6c9e4b0d23e37734eb2,TRUE,0.997085
58bae260e4b0d23e37735df1,TRUE,0.933472
58b6953de4b0d23e37734dfd,TRUE,0.952363
58968286e4b05f998de95ac2,TRUE,0.991479
58b2ece9e4b0eec3bce0044c,TRUE,0.94186
588e5bafe4b090cf9c5a46fc,TRUE,0.964474
58cc5a84e4b06d16e3cd6ee2,TRUE,0.553153
58b8ca86e4b0d23e377353dd,TRUE,0.994591
58bc163be4b0d23e37736c69,TRUE,0.996909
5872f57ee4b0e80f9e3c2595,TRUE,0.997373
589d0fdae4b0314ab22f9321,FALSE,0.894423
58bc1e07e4b0d23e37736d73,TRUE,0.804514
58baefdee4b0d23e37735f3a,FALSE,0.628487
58b43749e4b0eec3bce00758,TRUE,0.620759
58bc95afe4b0d23e37737c64,TRUE,0.997807
58bdea65e4b0d23e37738e76,TRUE,0.996914
58bc6064e4b0d23e377375cb,TRUE,0.997885
58bb3327e4b0d23e377364ef,TRUE,0.999219
58bc3e32e4b0d23e37737195,TRUE,0.998397
58bae216e4b0d23e37735de7,TRUE,0.999652
58b73469e4b0d23e37734f83,TRUE,0.992164
5899fb23e4b05f998de95ebe,TRUE,0.995257
5897aaf1e4b05f998de95c2c,FALSE,0.873452
58bce687e4b0d23e3773833d,TRUE,0.888525
58b06067e4b05f7a051930c1,TRUE,0.998939
58b9a94ae4b0d23e3773553f,TRUE,0.999106
58a9cea3e4b0fe098804546a,TRUE,0.996148
58bc899de4b0d23e37737aed,TRUE,0.97234
58bd9d18e4b0d23e377388ad,TRUE,0.984473
58bb75d4e4b0d23e3773693e,TRUE,0.969873
586f3181e4b0e80f9e3c241a,FALSE,0.919035
58bde680e4b0d23e37738e19,TRUE,0.997672
58b9ce6ce4b0d23e377357a2,TRUE,0.988647
588cd80ee4b090cf9c5a45f6,TRUE,0.606184
58bb3afde4b0d23e37736587,FALSE,0.651477
58badc84e4b0d23e37735d63,FALSE,0.978045
589fa25ae4b0314ab22f969b,TRUE,0.967967
58badbc1e4b0d23e37735d48,TRUE,0.999714
5883c5ace4b04c4484df0737,TRUE,0.97935
58bd5a0ae4b0d23e377384c3,TRUE,0.999173
587a99cce4b0d1a74fe8d5b7,FALSE,0.977453
58bb187ee4b0d23e377362c8,TRUE,0.998119
58bcd7d8e4b0d23e377382b3,TRUE,0.928415
58bc906ae4b0d23e37737bc9,TRUE,0.99946
58bb4a1ae4b0d23e37736673,FALSE,0.888393
58bddc93e4b0d23e37738d4a,TRUE,0.997714
588b94c7e4b090cf9c5a4539,TRUE,0.989434
58bc88e0e4b0d23e37737adc,TRUE,0.951499
58b9fb43e4b0d23e3773594b,FALSE,0.696987
58abad39e4b08c6e1ec0aa20,TRUE,0.686646
58b9b36ae4b0d23e377355fd,TRUE,0.9993
58b8874de4b0d23e377352cd,TRUE,0.998528
58ac6fd1e4b08c6e1ec0aae0,TRUE,0.96603
588a8d98e4b090cf9c5a4495,TRUE,0.973284
58bb4e93e4b0d23e377366b1,TRUE,0.999739
58bc134fe4b0d23e37736c47,TRUE,0.999456
58bc1866e4b0d23e37736ca5,TRUE,0.999499
58b8ac7ae4b0d23e37735363,TRUE,0.990255
589c2998e4b05f998de96154,TRUE,0.96865
58bb369be4b0d23e3773652f,FALSE,0.94633
58bc4a70e4b0d23e3773730e,TRUE,0.998173
58b506a1e4b0d23e37734b5c,TRUE,0.99561
58bb20bce4b0d23e37736369,TRUE,0.996503
5876dc5fe4b0087d2c8a0765,TRUE,0.985276
58a0081ae4b0314ab22f976a,FALSE,0.951967
58964420e4b05f998de95a05,TRUE,0.999695
58bc357fe4b0d23e3773707e,TRUE,0.997241
58be3ccbe4b0d23e37739390,TRUE,0.998548
589f541ce4b0314ab22f95ef,FALSE,0.936883
58bc6339e4b0d23e37737616,TRUE,0.959944
5897907ce4b05f998de95c04,FALSE,0.981528
58bc7f45e4b0d23e377379b5,TRUE,0.636295
58b09d41e4b05f7a05193127,TRUE,0.972186
58bb259ae4b0d23e377363ba,TRUE,0.989722
586979f6e4b09266b0cab363,FALSE,0.911082
5899f904e4b05f998de95eba,TRUE,0.993271
58baef34e4b0d23e37735f1b,TRUE,0.998376
58bd5a4de4b0d23e377384c6,TRUE,0.952208
5878fda3e4b0d1a74fe8d49d,TRUE,0.892748
5893a971e4b018a8bfc288e5,TRUE,0.986577
58b1c507e4b0eec3bce00247,TRUE,0.996462
589b0dd4e4b05f998de95fff,TRUE,0.997122
58716637e4b0e80f9e3c2504,TRUE,0.746968
58bc8bdce4b0d23e37737b4a,FALSE,0.885557
58be0ca6e4b0d23e3773914a,FALSE,0.973342
58bc7c1ee4b0d23e3773792f,FALSE,0.984509
58bdc456e4b0d23e37738b6c,TRUE,0.998845
589cb4a8e4b0314ab22f9275,FALSE,0.980335
58b333bbe4b0eec3bce00517,TRUE,0.979956
588b6ce1e4b090cf9c5a451e,FALSE,0.73743
58b2e64fe4b0eec3bce0043b,TRUE,0.9601
58bcc363e4b0d23e3773810a,TRUE,0.992714
58ba1492e4b0d23e37735a62,TRUE,0.999579
58b2c10ee4b0eec3bce00420,TRUE,0.999856
58a0e9cce4b0314ab22f991e,TRUE,0.957244
58bad980e4b0d23e37735d07,FALSE,0.948704
58bc94ade4b0d23e37737c3a,TRUE,0.692482
58c45716e4b06d16e3cd3311,TRUE,0.99509
58af6523e4b068eafab0c831,FALSE,0.729739
58baeec9e4b0d23e37735f07,TRUE,0.991965
58bc72fde4b0d23e37737816,FALSE,0.954127
58bde186e4b0d23e37738dab,TRUE,0.998955
58b82af6e4b0d23e377351bd,TRUE,0.989826
58b82550e4b0d23e377351ad,TRUE,0.997235
58bb1b00e4b0d23e377362fe,TRUE,0.99937
58a89fa3e4b0fe09880452c7,TRUE,0.748805
58bc173de4b0d23e37736c85,TRUE,0.996429
58d065bae4b06d16e3cd8c86,TRUE,0.988364
58bd59ece4b0d23e377384c0,TRUE,0.997166
587811e0e4b0d1a74fe8d438,TRUE,0.983821
58bda7b8e4b0d23e37738961,TRUE,0.995607
589eca29e4b0314ab22f9536,FALSE,0.937284
58a24f9be4b0314ab22f9af4,TRUE,0.998531
58b3570de4b0eec3bce005c6,TRUE,0.983549
58b9bcb3e4b0d23e3773569a,TRUE,0.999114
58bdd3d1e4b0d23e37738c96,TRUE,0.548586
58bdcbe3e4b0d23e37738bff,TRUE,0.997087
58a72849e4b0fe09880450dd,TRUE,0.99488
58bdbb39e4b0d23e37738ad0,TRUE,0.998397
58af8511e4b068eafab0c887,TRUE,0.792546
58bad8ede4b0d23e37735cf7,TRUE,0.770539
58b989bbe4b0d23e377354cf,FALSE,0.657212
58b3bf0de4b0eec3bce006a3,TRUE,0.87087
58b87543e4b0d23e37735282,TRUE,0.991714
588bed0be4b090cf9c5a4599,FALSE,0.910037
58bc958be4b0d23e37737c61,TRUE,0.987777
5872d4f6e4b0e80f9e3c257f,TRUE,0.98554
58bb3b92e4b0d23e37736591,TRUE,0.989829
58baefd8e4b0d23e37735f38,TRUE,0.995734
5876f522e4b0087d2c8a0788,TRUE,0.921277
58bdc47be4b0d23e37738b6e,TRUE,0.989969
58ba66b3e4b0d23e37735bd7,TRUE,0.813442
5894b172e4b05f998de957f5,FALSE,0.989866
58bccf78e4b0d23e377381fe,TRUE,0.982838
58bdc6d8e4b0d23e37738b91,TRUE,0.555652
5895272de4b05f998de9589f,TRUE,0.999519
5876f509e4b0087d2c8a0787,TRUE,0.843909
58ba42b3e4b0d23e37735b5f,TRUE,0.931147
58bb7beae4b0d23e377369a4,TRUE,0.983979
589b3e47e4b05f998de96047,TRUE,0.981373
58ceda98e4b06d16e3cd8014,FALSE,0.715377
58829c23e4b04c4484df06a3,TRUE,0.992858
58bde10ce4b0d23e37738d9f,TRUE,0.995535
58ace740e4b08c6e1ec0abed,TRUE,0.997669
58a237b3e4b0314ab22f9ac9,FALSE,0.916244
58a38f95e4b0314ab22f9c30,TRUE,0.967737
588ff611e4b090cf9c5a487c,FALSE,0.989666
58bad885e4b0d23e37735cee,TRUE,0.99969
58b3f958e4b0eec3bce006c6,TRUE,0.984547
58bc2c9ce4b0d23e37736f34,TRUE,0.675403
58b74154e4b0d23e37734fc7,TRUE,0.988345
58b492cde4b0d23e377349f1,TRUE,0.991886
588e231ae4b090cf9c5a46ab,FALSE,0.653718
58c24d9be4b06d16e3cd21cd,TRUE,0.981152
58ab8a51e4b08c6e1ec0a9d5,TRUE,0.763576
58bb69d1e4b0d23e37736872,TRUE,0.999838
588ba4b3e4b090cf9c5a454a,TRUE,0.999933
58bc016fe4b0d23e37736b55,TRUE,0.999896
58baf4d7e4b0d23e37735fc6,TRUE,0.946105
58bc3218e4b0d23e3773700e,TRUE,0.994643
589d0b70e4b0314ab22f930c,TRUE,0.999745
58b38daee4b0eec3bce0065c,FALSE,0.624623
58bc0d19e4b0d23e37736bb9,TRUE,0.959223
589b5e87e4b05f998de96084,FALSE,0.986202
58bded88e4b0d23e37738ec6,TRUE,0.999056
58ab3c61e4b08c6e1ec0a91a,TRUE,0.85315
58a457cbe4b0314ab22f9cce,FALSE,0.847832
58bb17dae4b0d23e377362bd,TRUE,0.955699
58be1092e4b0d23e3773917e,TRUE,0.999063
58b8d104e4b0d23e37735402,TRUE,0.986885
58b7e2fde4b0d23e37735131,TRUE,0.956106
58be0321e4b0d23e3773909e,FALSE,0.919932
58bb3af2e4b0d23e37736586,TRUE,0.999304
58bc997be4b0d23e37737cdf,TRUE,0.999699
58797648e4b0d1a74fe8d502,FALSE,0.879416
58bc1f1ae4b0d23e37736d92,TRUE,0.987015
58ba0b74e4b0d23e377359e4,TRUE,0.933417
58bdf365e4b0d23e37738f41,TRUE,0.960301
587fdd6fe4b03e3ebfd77f0c,TRUE,0.92341
58bd9fcee4b0d23e377388d8,TRUE,0.998871
58b9fe62e4b0d23e3773596b,TRUE,0.99715
58bafad7e4b0d23e37736047,TRUE,0.995761
58bdf71ee4b0d23e37738f85,TRUE,0.98727
58b9bedde4b0d23e377356c5,FALSE,0.87869
587ced3ae4b0d1a74fe8d6da,TRUE,0.999852
588b93f2e4b090cf9c5a4534,FALSE,0.991599
58a60a3ee4b0314ab22f9eb8,FALSE,0.693289
58b9b181e4b0d23e377355ce,TRUE,0.994575
58bc4450e4b0d23e37737238,TRUE,0.979838
58bcc76ee4b0d23e3773815f,FALSE,0.990056
589dd431e4b0314ab22f93b3,TRUE,0.998884
58beba96e4b0d23e377394b2,FALSE,0.984676
5887e0aae4b05f73db0779ab,FALSE,0.894238
58bc21f3e4b0d23e37736de7,TRUE,0.997509
58b9c435e4b0d23e37735716,TRUE,0.999583
58be24bee4b0d23e37739295,TRUE,0.999916
58b61f42e4b0d23e37734d4c,TRUE,0.957517
58bdb40ee4b0d23e37738a0f,TRUE,0.955054
58afa741e4b068eafab0c8c4,TRUE,0.999308
58bc6b60e4b0d23e37737716,TRUE,0.997908
5893a88be4b018a8bfc288e0,TRUE,0.990235
58af53c0e4b068eafab0c81e,TRUE,0.999675
58bae052e4b0d23e37735db2,TRUE,0.998336
58b344bae4b0eec3bce0057a,TRUE,0.94024
58a7df46e4b0fe09880451e4,FALSE,0.596927
58bdb218e4b0d23e377389f6,TRUE,0.998456
58bc7808e4b0d23e377378c2,TRUE,0.999631
58add176e4b068eafab0c689,TRUE,0.999091
58b9c326e4b0d23e37735702,TRUE,0.998678
589fdc75e4b0314ab22f9718,TRUE,0.998386
58952770e4b05f998de958a2,TRUE,0.999894
58bc2345e4b0d23e37736e07,FALSE,0.945962
58bc2abce4b0d23e37736f02,TRUE,0.999023
58bc6047e4b0d23e377375c7,TRUE,0.696343
58be0627e4b0d23e377390c5,TRUE,0.991628
589de582e4b0314ab22f93d3,FALSE,0.598942
58bab926e4b0d23e37735c01,TRUE,0.969221
58be216ae4b0d23e37739267,TRUE,0.977874
58880f3ee4b05f73db0779e1,FALSE,0.92746
58bc93e2e4b0d23e37737c26,TRUE,0.679634
58bba162e4b0d23e37736abc,TRUE,0.999181
58bb5d8fe4b0d23e377367a5,TRUE,0.97643
58bb3a07e4b0d23e37736578,TRUE,0.996026
58bc460ae4b0d23e37737273,TRUE,0.827983
58bc72f0e4b0d23e37737814,TRUE,0.992289
58bc0f4fe4b0d23e37736be7,TRUE,0.96179
58b73c4ae4b0d23e37734fb2,FALSE,0.903591
58a0df9ee4b0314ab22f990d,FALSE,0.572482
58bdb9a7e4b0d23e37738aaa,TRUE,0.999515
58adb6d5e4b068eafab0c671,TRUE,0.999503
58bc51bce4b0d23e377373e7,TRUE,0.996693
588794dee4b05f73db077971,FALSE,0.518181
5884cceee4b04c4484df07d5,TRUE,0.982472
58ba1b4ce4b0d23e37735aa1,TRUE,0.989303
58bc7632e4b0d23e37737874,TRUE,0.998158
58bc6a77e4b0d23e377376f9,TRUE,0.996816
58bc3b18e4b0d23e37737146,FALSE,0.982673
58bc6e35e4b0d23e37737788,TRUE,0.632053
58b9d3eae4b0d23e377357f7,FALSE,0.969236
5877f8a7e4b0d1a74fe8d423,FALSE,0.956651
58889482e4b05f73db077a1a,TRUE,0.903667
588d3325e4b090cf9c5a464e,TRUE,0.999659
58a88473e4b0fe098804528b,TRUE,0.919661
58bc59b5e4b0d23e377374f7,TRUE,0.995949
58baf8e8e4b0d23e37736020,FALSE,0.917767
58bd88eee4b0d23e3773873a,TRUE,0.995565
58bb1ff2e4b0d23e37736356,TRUE,0.99956
58be3e6ae4b0d23e37739399,TRUE,0.99676
58bb7b83e4b0d23e3773699f,TRUE,0.997279
58bb08a3e4b0d23e3773615c,FALSE,0.983711
58b9b496e4b0d23e37735611,TRUE,0.992032
58a6f342e4b0314ab22f9f96,TRUE,0.999065
58bb6b0ce4b0d23e37736889,FALSE,0.917819
58b306d3e4b0eec3bce0048d,FALSE,0.974034
5894e08be4b05f998de95835,TRUE,0.997546
58bb8b16e4b0d23e37736a2e,TRUE,0.996454
58bc743ce4b0d23e37737834,FALSE,0.956729
58a38adbe4b0314ab22f9c27,FALSE,0.851841
58c5baeee4b06d16e3cd409f,TRUE,0.896166
58a75909e4b0fe0988045129,FALSE,0.819948
58bc819ae4b0d23e37737a02,TRUE,0.967492
58be176ae4b0d23e377391f9,TRUE,0.989674
58ba0bdce4b0d23e377359ea,TRUE,0.995884
58bc0740e4b0d23e37736b73,TRUE,0.998062
58bdc024e4b0d23e37738b22,TRUE,0.975473
58c4a28be4b06d16e3cd3757,TRUE,0.998602
58bc5e1ae4b0d23e37737584,FALSE,0.923598
58925e29e4b018a8bfc2881c,TRUE,0.765779
58bd5a2ce4b0d23e377384c5,TRUE,0.977558
58bae728e4b0d23e37735e6d,TRUE,0.975208
58a8de80e4b0fe098804537f,TRUE,0.99867
58baeea7e4b0d23e37735f04,TRUE,0.998087
58a4ebf3e4b0314ab22f9db7,TRUE,0.999461
58bc36a9e4b0d23e37737097,TRUE,0.971035
58be0ba9e4b0d23e3773913b,TRUE,0.999784
58a679f4e4b0314ab22f9f7b,TRUE,0.905309
58bc2ac7e4b0d23e37736f03,FALSE,0.790732
58bc3028e4b0d23e37736fb4,FALSE,0.627395
58c47264e4b06d16e3cd34ca,TRUE,0.932499
58b726b3e4b0d23e37734f58,TRUE,0.998809
58797e74e4b0d1a74fe8d514,TRUE,0.977345
589d0be3e4b0314ab22f930f,TRUE,0.99877
58bc42f4e4b0d23e3773720c,TRUE,0.999496
58bd6f39e4b0d23e377385d9,FALSE,0.985458
58b465c8e4b0eec3bce00831,TRUE,0.996508
58bdf93de4b0d23e37738fbc,FALSE,0.79174
58bca0b8e4b0d23e37737da8,TRUE,0.999322
58bb92b4e4b0d23e37736a6a,TRUE,0.966894
58a10ac6e4b0314ab22f997e,TRUE,0.979526
58adb50de4b068eafab0c670,TRUE,0.998609
58bb56cee4b0d23e37736723,TRUE,0.997345
58bc6c67e4b0d23e37737740,TRUE,0.998521
587685a3e4b0087d2c8a0709,TRUE,0.513387
58b0c39fe4b0eec3bce000fa,TRUE,0.999728
58b76ca4e4b0d23e37735051,TRUE,0.997008
58bc0c4ae4b0d23e37736bab,FALSE,0.94705
58925ae5e4b018a8bfc28816,FALSE,0.824002
